x,y,z,yaw
-1.9390689570764034e-05,-1.7909179669646664e-05,0.03199999996501537,-6.895863238464237e-05
-1.9816008324431596e-05,-1.7968200690281537e-05,0.03199999996527182,-6.718942238330496e-05
-0.0125629101661428,-0.005226380779085623,0.032000000187775594,-0.00037382412778156975
-0.012562896356137738,-0.005226380226569644,0.03200000018849138,-0.00037497898813591856
-0.012563014327242517,-0.005226411949514645,0.03200000018169285,-0.0003734800990952048
-0.012563135206512987,-0.005226421597151363,0.03200000017462157,-0.00037338544127176956
-0.012563268269331613,-0.00522643743330705,0.03200000016673597,-0.000373447123395099
-0.01256336854739778,-0.00522645649853529,0.032000000160902535,-0.00037322939719435227
-0.012563501842911367,-0.0052264788590983425,0.03200000015304398,-0.0003732711854793207
-0.01256347379246687,-0.005226477453909805,0.032000000154734455,-0.0003735359753724478
-0.012563600809485766,-0.005226490855019859,0.03200000014729014,-0.00037290079982390314
-0.012563593610850252,-0.005226498611497618,0.03200000014776289,-0.0003728846893937762
-0.0125638582140122,-0.0052265522463940265,0.032000000132303974,-0.0003726329820453574
-0.012563825033662861,-0.005226536766512017,0.03200000013423081,-0.0003724813544757105
-0.012563947423994233,-0.005226552581639072,0.03200000012700008,-0.00037248928859509405
-0.012564087411839186,-0.0052265969308770786,0.03200000011886033,-0.0003726008943715369
-0.012564057428544837,-0.005226577785736123,0.03200000012059572,-0.0003723413095638551
-0.012564192392806655,-0.005226469509094232,0.032000000111720474,-0.00037468987623351846
-0.012564296414473262,-0.0052266138704967595,0.03200000010656438,-0.00037209071024497784
-0.012564415088344905,-0.00522647251136197,0.032000000098831825,-0.00037177355817369004
-0.012564408117117426,-0.005226639333787663,0.03200000010006341,-0.0003719162248452684
-0.012564533423897687,-0.005226651924879535,0.032000000092664425,-0.00037181754667215344
-0.012564522928447314,-0.005226662415046697,0.032000000093358384,-0.000371769546511106
-0.012564649930855367,-0.005226679357022022,0.032000000086100384,-0.0003712968520844749
-0.012564761987782856,-0.005226701947509778,0.03200000007934196,-0.00037150067420329766
-0.012564898811028152,-0.005226709828745616,0.032000000071239355,-0.0003713846672518731
-0.012564876642527744,-0.005226715058406696,0.03200000007249191,-0.0003724477214288129
-0.012565148484624764,-0.005226780156374833,0.03200000005639607,-0.0003712924768287177
-0.012565124558794116,-0.005226761209804723,0.03200000005807961,-0.0003710811913965635
-0.012564791698021573,-0.005226832080147529,0.032000000078182114,-0.00037015943472921167
-0.012565243522483817,-0.0052267831801222206,0.032000000051117534,-0.0003709387794717993
-0.012565372252433442,-0.0052267924066408305,0.03200000004347071,-0.0003709247400737855
-0.012565499379900752,-0.005226695620274361,0.032000000035196506,-0.00036994872185567033
-0.012565492287109051,-0.0052268141734105,0.03200000003647332,-0.0003706463085117855
-0.012565604001370391,-0.005226846804568828,0.032000000030004395,-0.00037049591507093627
-0.01256574150631922,-0.005226748673372796,0.032000000021053375,-0.00037243823519318096
-0.01256572120842946,-0.005226871214593166,0.03200000002316274,-0.00037032968951831725
-0.012565834933608718,-0.005226898225994302,0.032000000016545904,-0.0003701476820469494
-0.01256599103630256,-0.005226847183556607,0.032000000007156415,-0.0003696847358030161
-0.012565953777811594,-0.005226921249264836,0.03200000000959219,-0.0003700226689606103
-0.012566096351761648,-0.005226946839811059,0.032000000001193386,-0.00037006317189062983
-0.012566068911510013,-0.005226947513801386,0.03200000000288777,-0.0003698298080371876
-0.0125661885806771,-0.005226970136478975,0.03199999999588684,-0.00036966952567631074
-0.012566345786589947,-0.0052270022477305085,0.03199999998672102,-0.0003695223263517176
-0.012566315138601927,-0.005226989729989007,0.03199999998842132,-0.000369314132686317
-0.012566436867397052,-0.0052270082035996215,0.031999999981303366,-0.0003693933861129281
-0.01256642552023202,-0.005227017550238652,0.031999999982041505,-0.00036933366229496015
-0.012566555479607463,-0.005227031890879614,0.03199999997437163,-0.0003692213306436895
-0.012566678316911465,-0.005227044487416462,0.03199999996709604,-0.0003691904161361988
-0.012566659634492189,-0.0052270674949397005,0.03199999996837903,-0.0003689874391887555
-0.011744916016454356,-0.00522964318841196,0.032000049119876396,-0.0003682416016477099
-0.009990923807821642,-0.005196649942796899,0.03200015352441985,-5.672121227251676e-05
-0.0023407315669717998,-0.0051713256100164,0.03200060996272872,7.728050292022888e-05
0.0011423698231699374,-0.005082605707664653,0.03200081827864973,0.0011006511224926766
0.0011423698231699374,-0.005082605707664653,0.03200081827864973,0.0011006511224926766
0.010701686386454403,-0.00442473584533964,0.032001385814955804,0.00823516955929796
0.019536944406036802,-0.003717582596165529,0.032001909661545536,0.012169604567498795
0.02396446766566672,-0.003271792953157741,0.03200217143102251,0.015471199145353682
0.05068724799526018,-0.0003849292477309278,0.03200375267012276,0.030032899489792167
0.06431809819721854,0.0010769107672347275,0.032004558860044274,0.037728691534295346
0.0826982274435715,0.0030296870357606528,0.03200564624465911,0.047348987187910425
0.09308671351273534,0.004127706271589277,0.03200626083735329,0.05180628148995374
0.12964302085597518,0.007502552945178731,0.032008426522717036,0.06179730698358742
0.14447048924467032,0.008735867457011635,0.03200930552948913,0.06429147625137271
0.14447048924467032,0.008735867457011635,0.03200930552948913,0.06429147625137271
0.16225691545198323,0.010107999331694746,0.03201036073909313,0.06668840778592339
0.17605669197884222,0.01112952248495715,0.03201117958925957,0.06661645702986425
0.24873448473975338,0.015031510647810605,0.03201550067199119,0.06112746173234637
0.27977774341574774,0.016371207882938173,0.032017348125889834,0.05702440897419057
0.30319265695025605,0.01717758991853597,0.03201874279254519,0.053027915843997915
0.32675631312794007,0.017826058176648996,0.032020147372880385,0.04919342927625301
0.35198507632111936,0.018554641856298862,0.032021650767433615,0.04541523134323644
0.41520801260658996,0.02067366806636441,0.03202541681981614,0.04135735022857601
0.44527119725770303,0.022038018677640613,0.03202720568306402,0.0418803244946739
0.47736436602431753,0.023689252088858463,0.032029114131712715,0.04381177002130418
0.48417148193356546,0.02405378063523499,0.0320295188491098,0.044580696018656274
0.5251391372646091,0.026698713173234183,0.032031952136751904,0.05371459522369428
0.5887262795760692,0.03345908019607992,0.032035714079672595,0.07013505819729202
0.680123312453083,0.04565794195425473,0.03204172981353382,0.09545998992240776
0.6998879336375775,0.04863163688476995,0.03204347932911115,0.10515603509681408
0.7484488598145099,0.056565771390787146,0.032047768626625874,0.1201117510587772
0.7862717637380326,0.062317099897255084,0.03205111556277838,0.1289267248597985
0.858996442825237,0.07334761580759891,0.032057550497115755,0.13811006581062027
0.8803875712642045,0.07622417581634813,0.03205944760283956,0.1373280606244159
0.9291157346550977,0.08355227694463607,0.032060534576783664,0.13139792172688053
0.9720549079312456,0.09316545003651676,0.032054555712676555,0.12440872924307333
0.9720549079312456,0.09316545003651676,0.032054555712676555,0.12440872924307333
1.0515438944294464,0.09807174694520497,0.03206283174743209,0.09146885735762918
1.1208206373861938,0.09853837691324481,0.03207007130893957,0.06426807259433864
1.141334873149718,0.09833689151828405,0.03207221745581933,0.050578762489566984
1.1971729787756544,0.09742562830465204,0.031982303384451245,0.021390467103520702
1.2124805004680417,0.09695787069656765,0.031964009824922646,0.015823178640049913
1.3068857427505483,0.09260105911612825,0.03195781679005112,-0.015873659245396392
1.3433269783919264,0.09078807556280744,0.03195542728699019,-0.023722012976466842
1.371345519921237,0.08972075604312538,0.031953587138615895,-0.02715821428676524
1.395307511806027,0.0888052470793041,0.031941830387275216,-0.027798096938517446
1.395307511806027,0.0888052470793041,0.031941830387275216,-0.027798096938517446
1.461923694220212,0.08816530402776741,0.03190275200918173,-0.008973310646415305
1.50471233522545,0.08957366141039516,0.03189556161736921,0.013740582200213342
1.5541593756312868,0.0934543216424405,0.031887270984650856,0.03021031719326231
1.598381636523524,0.0986441662771215,0.03187987105490769,0.042656170781431246
1.6379305728161726,0.0994320222524333,0.031999826902569896,0.0649148487475979
1.6895589684477237,0.10636652152981,0.03199977429752574,0.08536821967805941
1.7523091879701962,0.11510590144470038,0.03199970861580952,0.10745088382221069
1.7871816411571884,0.11977098327162149,0.03199967321133996,0.11227991526263278
1.7871816411571884,0.11977098327162149,0.03199967321133996,0.11227991526263278
1.8238862970729093,0.12892026381634852,0.031910299924121956,0.1196450625121417
1.9174249881128447,0.13894723824889824,0.03189462351875954,0.11277457000778096
1.9638958673355387,0.14205715275812356,0.031886810847470796,0.10098519205778629
1.9933594051709305,0.14318923106216444,0.03188184753174962,0.08703675542538805
2.036168190675803,0.1436530900068195,0.03187462038154782,0.06454346439676656
2.0598827980713734,0.14290827933018427,0.03187060420086365,0.04785069155283107
2.1122929401775523,0.1336819042570952,0.031887470973184444,-0.008734123172633465
2.1556202603080545,0.12671235149921223,0.03188031214242431,-0.05162158669462963
2.1847424168265426,0.12084570052237505,0.03187560410317335,-0.08133966633197855
2.19913461027882,0.1176398158956315,0.031873303723169655,-0.09623358939926155
2.2177753730885934,0.11306631270704805,0.03189730482305485,-0.1425528676682536
2.3105023810438348,0.08457948606225625,0.03205177261595829,-0.20429127777682018
2.3356206046343684,0.07613156838805625,0.0320539439565819,-0.22159007028190206
2.38582915288199,0.05904030434596309,0.032058281434338885,-0.2582823754193022
2.434594922527289,0.041611007874994575,0.032062481708058276,-0.2860770566266557
2.4553173369001486,0.03482497473175337,0.03202427571558362,-0.2912929770100494
2.5258341385084764,0.011967436795556731,0.031888452743228414,-0.3129957478205753
2.5532170883737626,0.0027136740225229532,0.0318830147988069,-0.3156240023481299
2.585810527511592,-0.007997020188999305,0.03187655660358414,-0.31623693888507665
2.585810527511592,-0.007997020188999305,0.03187655660358414,-0.31623693888507665
2.608215877655301,-0.01527123355501147,0.031898025847602415,-0.308420354489502
2.708863334471289,-0.04131279789360945,0.031949009788428545,-0.2795253620741691
2.7363636116739727,-0.047137673836183065,0.0319466604886879,-0.259627542382695
2.775866181783913,-0.05381511222301293,0.031943354663813116,-0.23752635160042426
2.804029470133117,-0.056044960254956734,0.03196929384970922,-0.2131558980568882
2.8322235550315034,-0.05690788881467636,0.032011720474479255,-0.19927062042282048
2.926976349328053,-0.06704236316870826,0.03201376158775031,-0.15156407844504413
2.9511512436308225,-0.0694263869791002,0.03201427895732516,-0.13997297620556218
2.9864295017968905,-0.07280728672462988,0.0320150331930366,-0.13277649250897036
3.00286925484941,-0.07447693623228212,0.032015386193433616,-0.12967074638808634
3.0468402724205834,-0.07510615970466872,0.031948820703051876,-0.11762063724227631
3.131719792628756,-0.0847022970417628,0.03191926269866724,-0.12227740193375712
3.16998524162449,-0.09057677057784039,0.03191401201186292,-0.12987989718603304
3.2077682642949448,-0.0974135367325786,0.03190878194147242,-0.14136111579385957
3.244337586012668,-0.10478914178306739,0.03190368731356909,-0.15714449692843563
3.285236592508268,-0.11472212682098704,0.03189791448283432,-0.17863388984772502
3.354143660876449,-0.13593296475680075,0.0319856103619434,-0.22493510532816854
3.38975441578163,-0.14895927396550776,0.031984716841224094,-0.25607077800555256
3.422837117043996,-0.16276672501638487,0.03198388574524265,-0.28183602571179606
3.4296793454679553,-0.16572196234985134,0.03198371392662109,-0.29776855237649524
3.4306575247737734,-0.16615761110729776,0.031983689349282175,-0.3038073721106556
3.516207396669274,-0.21382120524804957,0.03192494398848745,-0.43127741037574463
3.567945957170688,-0.251910875350984,0.03191769974205627,-0.48524682474900455
3.604224932394351,-0.28136131282149146,0.0319126586407937,-0.5473426235326115
3.626995240015122,-0.3016082225384922,0.031909518763546044,-0.5769260774805149
3.653602425547907,-0.32661949202998647,0.03190586976088691,-0.6190854012009515
3.681801026411914,-0.3794762668888073,0.03191315995105784,-0.6980298389503833
3.6995430723998264,-0.3990443191373971,0.03190959966573095,-0.7294006104861225
3.7212258243766634,-0.42330528606676626,0.031905233194194534,-0.7499659712782216
3.7404690643624896,-0.44518141718965154,0.031901343245740295,-0.770007346320617
3.7453795145303235,-0.45095819616190047,0.0319003423643594,-0.7761010123377801
3.7889488770534117,-0.4960245332337515,0.032030847778504644,-0.8229761198328399
3.821921527538923,-0.5365840669050089,0.03203366884820625,-0.8372608137690535
3.854795264717104,-0.5760931704639773,0.032036469698216614,-0.8456568159775398
3.8603414655039274,-0.5826612466876052,0.0320369409446815,-0.8484326151452286
3.8951974299928356,-0.6155372552243772,0.03202925004513841,-0.8518601926232301
3.9723913262632915,-0.6907452521124202,0.03201915419280901,-0.8427942528833368
4.002033721558936,-0.7213014042450662,0.03202057130462564,-0.833363860906621
4.011694932426949,-0.7309010327370288,0.032021027632039754,-0.8264717681917737
4.029278313827487,-0.7477166041908131,0.032012731302131496,-0.8028995739020768
4.053311435649149,-0.7687071953864438,0.031963075038781354,-0.7928338366575123
4.140472760286072,-0.8389889812633676,0.03195350816904998,-0.7350749193040794
4.168317413546894,-0.8586955208855958,0.03195045243682136,-0.7078060052284334
4.205645192015059,-0.8840566667886233,0.03194635602693396,-0.679091570364125
4.226376548603767,-0.8975474165752572,0.03194408094227972,-0.6574114791402113
4.259548375539149,-0.9179728339541317,0.03194044074203362,-0.6281573848261959
4.325700863268223,-0.9523254181477796,0.03192216721395398,-0.5903216383740395
4.370249911402139,-0.9782398358629065,0.03191520736311835,-0.5710087827542453
4.395251631462894,-0.9927955093904004,0.03191130018068005,-0.56079446222968
4.408748539875645,-1.0005652232381388,0.031909200015952474,-0.5558536366360767
4.408748539875645,-1.0005652232381388,0.031909200015952474,-0.5558536366360767
4.4921757666293365,-1.050030876270425,0.03189606880322353,-0.5464699053483026
4.545170502221075,-1.0829117586310404,0.031887575866265075,-0.5516159972357657
4.604822688344893,-1.108339072826407,0.03198902037017446,-0.5599574208286955
4.6249865669765695,-1.1222507574999687,0.031988580564158604,-0.5678951458677105
4.654058051929864,-1.1436585767915397,0.03198798299442695,-0.5877427286562611
4.715082754241439,-1.1935970899176942,0.03198685725846694,-0.6276659262243001
4.74676728192342,-1.2232894813343504,0.0319863729422906,-0.6601299440670392
4.759373573593838,-1.2355066430219712,0.03198619044770826,-0.6825257103439056
4.765662941440497,-1.2419123982318223,0.03198610738209832,-0.6890784149544075
4.804997087286106,-1.286329998377681,0.03199880446714886,-0.7671743986038451
4.8589075937961965,-1.3634740289418317,0.03199714869079028,-0.8408286550412678
4.8729626063474,-1.3879909100823271,0.031996542888643335,-0.884063673654443
4.886853103222469,-1.415998435676295,0.031995792644823745,-0.920072848157902
4.903862245211952,-1.4527963629689757,0.03198497159742243,-0.9872770764460524
4.91473242867489,-1.4892535611387714,0.03193717943873418,-1.0374350661282603
4.929788874081802,-1.545375159416304,0.03193211516875475,-1.1444656844925054
4.936513109061245,-1.586235285951151,0.03192884078215487,-1.2142642255561846
4.941291254073039,-1.620308221804641,0.03192618673656266,-1.260258844490343
4.941291254073039,-1.620308221804641,0.03192618673656266,-1.260258844490343
4.9449053034372765,-1.6710013070538772,0.03194924109058322,-1.3381514965545445
4.9448350145019475,-1.7514689657930333,0.03201925750359258,-1.4257623634639434
4.944022758031594,-1.7881050788125967,0.032019715977328486,-1.4714394781406637
4.942666883644597,-1.8269299977588258,0.0320201718155968,-1.5014628770628804
4.941332623145611,-1.8511326655368967,0.032020426174273975,-1.5247687063702164
4.933177757646521,-1.900652721553839,0.0319975597603649,-1.5631482652548894
4.927953583347376,-1.9568792961278836,0.03199437703036635,-1.5973808519578214
4.924527948825322,-1.9920377767112258,0.03199363690952997,-1.6146973017082005
4.9202219357818135,-2.0356865174455745,0.03198635011303129,-1.6290042646503233
4.916948664708614,-2.060464625389315,0.03191277474766745,-1.6355885724651915
4.915967363834004,-2.070820484099358,0.031911243116171946,-1.641306256057928
4.910039137336733,-2.144920417036034,0.03190005483925246,-1.6413811587743332
4.902808848881928,-2.2062422876090775,0.03194805783473695,-1.6357227658152127
4.8992091623361835,-2.238947772789246,0.03198867829083172,-1.6287973229310875
4.898913191223629,-2.2716117977860986,0.03198801409556463,-1.6168876251042603
4.899388343071825,-2.3020280422472768,0.0319873990390548,-1.6013993704455842
4.9045872199399865,-2.377890461840452,0.031985885410834844,-1.56184228712171
4.906544953897439,-2.4136362271189986,0.03199969968343429,-1.535336463099676
4.911024539781879,-2.462542275533579,0.03202186580798235,-1.49830594382791
4.915129646581543,-2.484765164211793,0.032022689571054475,-1.4855749436641155
4.918115245119547,-2.501178652154466,0.032023298528278815,-1.4711831058333562
4.930140691703071,-2.5597728125778985,0.032025457607481156,-1.4238894960849582
4.939582222617782,-2.6009978517546877,0.032026966419791345,-1.4096893090972746
4.9472406915876626,-2.643917573160758,0.0319454268025822,-1.3920223461963153
4.952832170954931,-2.669223845474646,0.031942699760913164,-1.3857518825221207
4.958447612484002,-2.6945779074854164,0.03193996724401111,-1.3809071470681895
4.9692686465086755,-2.7461291277931665,0.0319344076708804,-1.3807808211282313
4.986840888432119,-2.8479070680452123,0.03192341121066939,-1.3920173419315882
4.988668812276568,-2.8742499892289257,0.031920607767759165,-1.3986886797043974
4.988466953580173,-2.8864258085658823,0.03191877414746264,-1.4053060871413987
4.990242067325892,-2.9016651660946833,0.0319165400239395,-1.4112177078203718
4.995546478443019,-2.9781041138787185,0.03190560935002024,-1.467350213256179
4.99544784814783,-3.0298736926464014,0.031898488204302064,-1.5012342547109143
4.990495775174526,-3.0942825025896927,0.03188999709200743,-1.5446494632405128
4.987393023140919,-3.1231633233222014,0.03192464037617197,-1.5713764061494968
4.979591792211598,-3.1650601145007906,0.03192693746932842,-1.6263182478426
4.965242751402097,-3.2225471854150585,0.03192065687169618,-1.6881995334157618
4.95117562393827,-3.2669390594154395,0.031915924783325195,-1.7505255631630319
4.938382439265734,-3.303380945028909,0.031912081249350306,-1.7936521249441566
4.927532727517127,-3.3335845443931835,0.03190652212113502,-1.8233894001523565
4.927532727517127,-3.3335845443931835,0.03190652212113502,-1.8233894001523565
4.888673234968522,-3.423900743075471,0.03188903998958513,-1.9085248735243954
4.870839133686181,-3.4621887889697596,0.031881557417796934,-1.9357158233261307
4.850432104509865,-3.5053378795022554,0.031873108809809335,-1.9568299460327117
4.836542078827833,-3.5353954516093804,0.0318996390405241,-1.9728291626720877
4.8285806152384,-3.55500483194102,0.031972489768452336,-1.9784209148337888
4.787810801876408,-3.6410204004310223,0.031984310542005935,-1.997796375495739
4.779204336874224,-3.6598160676294214,0.0319838031368827,-1.9987772332949962
4.758493307260771,-3.7065457259606585,0.03198254742974878,-1.9952789342261394
4.747730584461898,-3.7311608762414497,0.03197995527383457,-1.9921862664027576
4.727821270944503,-3.777824460737683,0.03196174517110135,-1.9828359240769955
4.721608422822104,-3.794151012839344,0.0319605283832455,-1.9581728403507355
4.707852768246499,-3.834635468429096,0.03195752817412394,-1.944883979849185
4.688826662977984,-3.901829951618414,0.03195258783142127,-1.9111240653538075
4.6845572586158175,-3.918819766356299,0.03195134419176564,-1.8945248098562766
4.672679902876605,-3.9680997758656242,0.0319937245402288,-1.8597678837396852
4.661444328478794,-4.0410955184017725,0.0320420504349889,-1.8042588264579646
4.6587224997969665,-4.071984272992372,0.0320443015758401,-1.7712959683271492
4.658584582560289,-4.112741837922681,0.03204723973698722,-1.7237355419282687
4.6598978311885,-4.14815765470015,0.032049779093004965,-1.676075410601291
4.661536216620252,-4.173599404684953,0.03205159701278749,-1.6482006423579012
4.668735017877732,-4.209949360221049,0.031982647325371594,-1.5746945158952574
4.681754047064743,-4.284254724800774,0.03197975834944095,-1.514911505664159
4.68702077862218,-4.31141654083453,0.03197869618960866,-1.4954570361370294
4.694722284057778,-4.349461321064648,0.03197720314862184,-1.4649552709466185
4.7042820097985985,-4.39257367041032,0.03197549957931136,-1.431707262228849
4.727106785754158,-4.461973475717041,0.03195927144444077,-1.3932388674232128
4.7323203690261995,-4.4827349985730605,0.0319570747591064,-1.379452438441147
4.743730692139225,-4.5299780004866745,0.03195334063258395,-1.3664264077678256
4.750489713486256,-4.557936938551246,0.03195112997060679,-1.3611420855039658
4.757514716421214,-4.589193636750036,0.031948669062761545,-1.3562533994319
4.765568111956354,-4.626763054803403,0.03194571714693086,-1.3569652217479835
4.773558815684464,-4.680362398224896,0.03205147565868444,-1.3652151290472383
4.776471819522976,-4.6970627089854355,0.03205303370887272,-1.3701339092270763
4.786189341822315,-4.763417148898292,0.03205907072227424,-1.3890077087082398
4.789681998747402,-4.794973855156946,0.032061848773194256,-1.3939236594382105
4.794008870672694,-4.877234300651281,0.03193031177882174,-1.456710712745898
4.79422923487528,-4.906040726591949,0.03192654227484705,-1.4777127724116472
4.793699551899331,-4.942958750160869,0.03192172163263937,-1.5074739952471163
4.791422629719753,-4.9871246920873205,0.031915977915865236,-1.536787241091108
4.789902495560906,-5.01196930876131,0.0319127502945966,-1.550632734927888
4.782008712111176,-5.09259671590883,0.03190733617223526,-1.5986953883429411
4.782008712111176,-5.09259671590883,0.03190733617223526,-1.5986953883429411
4.779177738069227,-5.127078281512125,0.03190150934513592,-1.6219814077449308
4.775868556266134,-5.162901427225311,0.03189547023924609,-1.6254420184598233
4.772057072832393,-5.207266419172618,0.03188797986248403,-1.6310619253905225
4.767869290448151,-5.295298888978435,0.03193758661301401,-1.6243015758157608
4.767634844426761,-5.304039647995006,0.03194550624450664,-1.6223248497590335
4.767336812080856,-5.391282917855368,0.03193660440395709,-1.5997461579404566
4.767489818476336,-5.397842428802119,0.03193593191486118,-1.590463706161201
4.770121712021255,-5.448847989144558,0.03193067478823201,-1.5740444443147807
4.77511117548541,-5.49901309340097,0.031925460059151374,-1.5402151147751022
4.775385429788545,-5.536269654410351,0.03195656882701329,-1.4945846507662943
4.787022538882936,-5.588917444130133,0.0319526085414789,-1.461379401419967
4.795419429040473,-5.621668563107018,0.03195015799185734,-1.4264239869052178
4.812675667592826,-5.673630142609975,0.031946318555051006,-1.36839515794443
4.845419607052897,-5.747998608127774,0.03194493648942293,-1.2775231507469824
4.863738991086066,-5.778863660166983,0.03195975094962172,-1.2289719073358807
4.879947612814502,-5.804675530170483,0.03195801707813018,-1.1740181659317053
4.899896238370322,-5.833572920488738,0.0319560877589951,-1.1268421817901089
4.920912327652914,-5.859654315514895,0.03195436631242988,-1.073372280592419
4.939827881823621,-5.8811528272335565,0.03195295798303271,-1.0321618352698667
4.966652854306162,-5.914425553603843,0.03197982196389664,-0.9787699411223453
5.010591452093351,-5.956990805894157,0.031984363475571424,-0.8679012347598656
5.036990784516172,-5.978515399983634,0.0319838832536469,-0.8351334052437731
5.05973322149842,-5.996120923026471,0.031983503901972236,-0.7994065937027163
5.107470694048007,-6.033508363486159,0.031950670068869216,-0.7368456603755017
5.13857729294095,-6.055389005685321,0.03193217274675136,-0.7045588871069279
5.171061420766635,-6.077469264484962,0.03192657393660202,-0.6810442382535516
5.2062606212883775,-6.100426715024212,0.031920551549378125,-0.650128182938646
5.2345938720526775,-6.117972790702105,0.03193786843005068,-0.6301504707145975
5.298712066553298,-6.1571522346935845,0.031994004254348354,-0.597524525310116
5.303185056522156,-6.1599104548558845,0.031993950278317466,-0.5967839965466482
5.316620519298847,-6.168281064878139,0.031993787555329035,-0.5830230618037088
5.3619031518466445,-6.195876293506916,0.03196269192492783,-0.5767471567164459
5.4000561069553195,-6.219376778948588,0.031908345371935716,-0.57258137385455
5.479280039452136,-6.271358320735503,0.03189209664430281,-0.577710785891501
5.499161909167457,-6.285026957610358,0.03188790503811242,-0.582147700160226
5.528583704972187,-6.304346411778501,0.03192113162020539,-0.5905138239634549
5.558850636704226,-6.325093755399236,0.03196142738577085,-0.6008007356286191
5.579609645778586,-6.341586388317763,0.031959841535891986,-0.615573860148194
5.641744269013915,-6.397089811304241,0.03195541169813959,-0.6716523142899146
5.662235715261777,-6.417154615593312,0.03195404219862403,-0.6905698073137085
5.665895183252844,-6.420763822767257,0.031953798837134395,-0.6963529824870633
5.686803326367807,-6.439156767523655,0.0320245619210131,-0.7342781094930017
5.722262932840826,-6.476706510971715,0.03204630173848699,-0.7484721479260346
5.792424139664879,-6.551651226714038,0.03205412802089816,-0.7807264929155416
5.802902538458146,-6.562638711731851,0.032055296032738344,-0.78474159260152
5.835492283484765,-6.596268684561288,0.03205892667091981,-0.7889274652257645
5.861500065160191,-6.62272544943581,0.03206182293047913,-0.7904352366335781
5.885609280196367,-6.646637281753956,0.03206450534458918,-0.7877822960035439
5.941559295579071,-6.700226897766313,0.032045519261881414,-0.768523653673368
5.9707289743501155,-6.725127239501846,0.03204852911231417,-0.7558395193260797
5.9707289743501155,-6.725127239501846,0.03204852911231417,-0.7558395193260797
5.9952373339824625,-6.744876002908975,0.03205100269344036,-0.7134402650065782
6.009192675898647,-6.755146724749408,0.032052365104522786,-0.6979884408664898
6.090015611463265,-6.806336041264126,0.03205986870083048,-0.632350361962049
6.11498405573119,-6.8201901857035185,0.03200529720588981,-0.6127997200763028
6.169812038378811,-6.846949439247196,0.031960424942719334,-0.5697756919045136
6.225982947769799,-6.870078048681638,0.03195610726102752,-0.520033430475793
6.258446533946963,-6.881806733842187,0.031953666873979,-0.48079722127541413
6.315341182562507,-6.895553799395743,0.031949602192678415,-0.3819109386511569
6.338209726989964,-6.899664425922018,0.031948012414680406,-0.3580491846185797
6.354292655878457,-6.90226052481798,0.03194690511839415,-0.3443173390446236
6.393300267069937,-6.907769707562984,0.03197466763080395,-0.2569269271175574
6.451194757578449,-6.91166671021018,0.03197156517270848,-0.20497153669645504
6.531802723814226,-6.914585443732824,0.03196724912999519,-0.13326192330962036
6.559876138718268,-6.914907935943286,0.03196574690753363,-0.10791477099271012
6.600820651483852,-6.914677241315222,0.03196355764238459,-0.0746551009752894
6.636744375327118,-6.913932320756803,0.031961637656201226,-0.05824431435199188
6.662838848983321,-6.9191331780966365,0.031950086278690185,-0.04267761315290026
6.737408245059952,-6.917408500569702,0.03194479040456581,-0.014037629939081177
6.762738402141969,-6.917027554107956,0.03194296607953397,-0.00802685951622881
6.790006950535766,-6.916793935263207,0.031940982259356744,-0.005077100634056118
6.797354949538062,-6.916730524455331,0.03194044751240531,-0.004234234332384211
6.837218966005636,-6.92339847748009,0.03191468577892615,-0.003096029740468814
6.913881835699813,-6.924928691299733,0.03190222469619153,-0.01212652763361589
6.974447659442491,-6.928458155403864,0.031892291370491266,-0.03000328997929996
7.012647726293304,-6.934145395034136,0.03198536959026004,-0.04795083967132991
7.051921348330258,-6.93976657529844,0.03201133993705218,-0.06585963554005599
7.088575514180265,-6.9458325505831455,0.03201210841864958,-0.08925060928030673
7.136260335590485,-6.955051670820149,0.032013111644899624,-0.12715575320026062
7.1634766339333735,-6.9614607592457345,0.03201368795588627,-0.14515827415350865
7.19729871544563,-6.969471397843721,0.032014404613863484,-0.16409876727374223
7.218472904275494,-6.983108809750456,0.0319394108092891,-0.19530801462221847
7.235393061165531,-6.987647932746378,0.031937409787723865,-0.20053539403921933
7.357381033731442,-7.020229511745441,0.03192298430104424,-0.22634799608083195
7.3826546552191115,-7.026362710947559,0.03191999317827031,-0.22949858747497068
7.423908150299177,-7.0357993718458065,0.031915108633019884,-0.22761671760065177
7.467133374398749,-7.05162125825497,0.03195761144570336,-0.22494534915672154
7.497039451830501,-7.057638729991821,0.031957300621676954,-0.2175804547738372
7.566879520191391,-7.068593139655801,0.03195202379765083,-0.19007085360351783
7.614148190303409,-7.073763480320902,0.03194849206517384,-0.16675368021902878
7.647365323930743,-7.07597418326647,0.03194603533793818,-0.14269897227182374
7.647365323930743,-7.07597418326647,0.03194603533793818,-0.14269897227182374
7.665505322522668,-7.07677709227015,0.031943440296822306,-0.13496613160080345
7.78822607538553,-7.072682462186698,0.03189370284315129,-0.023566643478738034
7.821655237275272,-7.067843471330634,0.031888492683459294,0.01987067863791395
7.8587526967597245,-7.059958783462209,0.03188280994750005,0.058712545002428666
7.8819943767379055,-7.0561474505232225,0.03193630339386575,0.09503073704424285
7.919664175395223,-7.047683571028895,0.032022017095331104,0.14787438714912501
7.986679188187996,-7.019788986169031,0.03202442185124335,0.2563530254602163
8.01225501246178,-7.0072241794503265,0.03202532021125563,0.2862718424114118
8.049037188310017,-6.986925191358205,0.03202659205646414,0.3520902682119771
8.049037188310017,-6.986925191358205,0.03202659205646414,0.3520902682119771
8.073360197814967,-6.971061154183051,0.03195141689215418,0.42992876450530687
8.162781269826208,-6.90814273209715,0.03194183554085634,0.506946166812905
8.16714945629937,-6.905004003831496,0.0319413662561276,0.5195326577479871
8.206968832833535,-6.874977038053983,0.03193706118000279,0.5522133530452336
8.235360916189155,-6.856365284778896,0.03197166080013751,0.5768269885206186
8.263196268187867,-6.835621378766363,0.0319837631550848,0.5985166091205114
8.322416682706606,-6.788134579220873,0.03198118264574878,0.6312894473260467
8.348373364727522,-6.767480656993445,0.03198005649387836,0.6404666359325022
8.374605518830018,-6.746084286971824,0.03201505228389955,0.6500606004302788
8.399169117407242,-6.726001107025088,0.0320440179951238,0.6554397712650198
8.410806896564996,-6.716834467030518,0.03204521197139112,0.6570403361487231
8.44688383716255,-6.686853161588068,0.03203099877699858,0.6659741982707269
8.473931570579374,-6.6628198916976595,0.03200037595057265,0.6722592473003103
8.506773175645833,-6.635629990798638,0.0320004259471749,0.6787458459219688
8.551963876686344,-6.596779864876745,0.03200051151267299,0.6859773496003414
8.592610147062475,-6.560516383302327,0.03200060323828509,0.7007320876443741
8.643960089957982,-6.511338312329042,0.03200075821261191,0.7271627431159438
8.667158447570811,-6.488624164631334,0.03200319938537732,0.7464659451995587
8.694021892353618,-6.46975716271027,0.03202151190754193,0.7686101267611442
8.720966966211167,-6.43791860241051,0.03202324412525234,0.7881650489378801
8.720966966211167,-6.43791860241051,0.03202324412525234,0.7881650489378801
8.764183345780687,-6.378026581691196,0.032026334617058484,0.8781101344139185
8.786967527748685,-6.3412257743673806,0.0320281474045869,0.9073513218437786
8.808076241933094,-6.301134928382954,0.03203003958836109,0.9494980734362531
8.831971080168156,-6.249117514411196,0.03203241415723015,1.0124199845759874
8.842535654392846,-6.21950767133409,0.031922972782570905,1.0558286195637623
8.859190100588677,-6.1609879409223565,0.0319156901707953,1.1460207574171937
8.86757272152144,-6.120766638937885,0.0319109876587681,1.198822408492406
8.874702323158752,-6.077191346415369,0.03190608585366864,1.2656506946145534
8.877404351879004,-6.058293225691254,0.03190399844043162,1.2960526917698199
8.880084527636278,-6.0312314323124445,0.0319011272165247,1.326059095256067
8.880785672982247,-5.986025936767622,0.031936309137255016,1.3909017525303862
8.881676179608856,-5.943854072839551,0.03194395354147616,1.4354748571991425
8.881330420317667,-5.873125663970099,0.03193573558108973,1.4695042927425912
8.881014018592252,-5.825705797770424,0.03193022301848674,1.5045306914792902
8.88060401844816,-5.803505947281889,0.03192763899964811,1.518949278202456
8.875771039778718,-5.725412296493659,0.03194328487056362,1.5567190361268235
8.874766840449345,-5.689111740411448,0.031939611358207075,1.564826239210944
8.874079458986142,-5.655726625843788,0.03193622699013536,1.573213918829164
8.872967651022252,-5.605142899117374,0.03194460818854036,1.5775680747395204
8.872967651022252,-5.605142899117374,0.03194460818854036,1.5775680747395204
8.87409817532199,-5.498368967215582,0.03202649037404233,1.5637439677031726
8.8751795151963,-5.475944403275255,0.03202749354228002,1.5588453933397428
8.87948499030933,-5.420249994541722,0.0320300315515807,1.5379265939409414
8.880862243820763,-5.3868320568748205,0.03196741322001876,1.5215498666296097
8.88374244881786,-5.364660516168547,0.03196326768117929,1.5079407528229511
8.898168645702354,-5.288766623344019,0.031958253901542194,1.4542251241767739
8.902799535920092,-5.267755526899255,0.03195685594373799,1.4318079441171878
8.917136295274615,-5.212831724439562,0.03193730846371288,1.3930237253982976
8.925255148412795,-5.184841139220169,0.03192573337963998,1.3720044183110274
8.925255148412795,-5.184841139220169,0.03192573337963998,1.3720044183110274
8.954776388654492,-5.088533470780759,0.0319128146467537,1.3159967583831789
8.969262570681346,-5.042826974187692,0.031906682130574335,1.3071095924913791
8.976943871549558,-5.0174743815532565,0.03190328163524535,1.3012305851736978
8.991552191595423,-4.972184820464472,0.031960694331666685,1.2925671784093087
9.001321005211587,-4.937862125060078,0.03196100508716141,1.2934685868112563
9.021097787822212,-4.86094331549096,0.03195561820803585,1.3043102995253297
9.02703613374995,-4.834359912962258,0.03195379834548459,1.3150821149870784
9.03333790118881,-4.804260857235562,0.03195710125043608,1.3272360571090904
9.043519289836413,-4.760655794271456,0.03199573667292353,1.3489414976238614
9.045113327983737,-4.749581988139484,0.031995692867590145,1.353687949984195
9.053226328235208,-4.663508238337502,0.03199548738013823,1.4183758077209898
9.053795205199387,-4.613825139633613,0.03199549866277697,1.454922546830639
9.053197736628302,-4.585335587733646,0.03199553412254957,1.4869352082180436
9.049930609955794,-4.5402221778702225,0.03203390370428614,1.5267060101046595
9.04675886364625,-4.508617453012803,0.032056948017544065,1.5647848115716085
9.038843282424148,-4.4415725337732175,0.03206290515511985,1.6168871970572634
9.033096406337986,-4.401713541208673,0.032066408611279684,1.6336591684330422
9.02786212783773,-4.365475031988627,0.03206959398205917,1.6591153485805796
9.023333157872372,-4.340987966025939,0.03205955637650766,1.6702090348653398
9.010000875711823,-4.301393794213957,0.03191816859511129,1.6874429558962363
8.999575831553033,-4.236032678406026,0.03190867297566183,1.7054867289957856
8.991423505135735,-4.182960801315511,0.031900957969936576,1.709205234185223
8.986406369521992,-4.145152813668913,0.03189545059501571,1.707670969662002
8.983842712425467,-4.100172286133853,0.03192455810663505,1.7013428571606293
8.98430249235932,-4.0959337640240046,0.03193526244829405,1.6996370773776786
8.97699501811343,-3.9872567492227233,0.031922489298777224,1.6618449803189699
8.976900821686627,-3.9479528623528006,0.03191790637905079,1.640132404196125
8.977500306170526,-3.9235160288814095,0.03191506594909744,1.6218896366357551
8.982775099901133,-3.877200048671286,0.03190875366783754,1.589752640542844
8.98604357210615,-3.8527449942326997,0.03190456962326931,1.56603325682839
8.991134612036344,-3.817271652519394,0.031898716261335044,1.5366906924407062
9.0049779405912,-3.746533006868167,0.03188706647021488,1.4524676511410617
9.020589073742903,-3.6976021816631257,0.03187904607211178,1.409850833254987
9.031040933366773,-3.661775006796385,0.03194009921458618,1.3545701019731147
9.039079761322903,-3.6417779907145325,0.03195051432084741,1.3405351540328017
9.078858448728884,-3.5533001209686175,0.031942705861717484,1.2360295177029523
9.088995192954814,-3.5329757984833834,0.031940907126295236,1.2096078520857416
9.103897847456482,-3.504241374282654,0.03193836104689861,1.1837747525488322
9.132650830942328,-3.4603286968736677,0.03193009413614324,1.1481065224703908
9.149253829833787,-3.4309117690059483,0.031926092162425965,1.1255587235687203
9.167848746735999,-3.398794357503801,0.03192170863595202,1.1023962993413912
9.191171624068044,-3.360103764733177,0.03191640144653173,1.0758339482573884
9.216637930189913,-3.3214833363310956,0.03197226415605608,1.0580876659234328
9.236687517993143,-3.2905817914127318,0.032009325198111706,1.0558685077283254
9.250950234382183,-3.2669342647583433,0.03201408461440003,1.0522344292906278
9.308709895637191,-3.163009983991069,0.032016473023673386,1.0607171656521555
9.325048652381941,-3.131111394566894,0.03201726894433908,1.069427459223879
9.344264781840796,-3.094389774220155,0.03198763372068078,1.0809005834862675
9.359007949270865,-3.0623573848179015,0.03198694274290661,1.0973463291202048
9.366020443742896,-3.045682814671462,0.031986604758395064,1.1143535712603827
9.385687596178153,-2.993562693853513,0.03198561871152103,1.1440175140092566
9.394975549409244,-2.966258464413631,0.03198513465333481,1.1950456657558766
9.412914747514252,-2.8928642627370276,0.03198059028193454,1.246940301123628
9.42086947214882,-2.8509938374078456,0.03197374598570157,1.2687978518999934
9.427585035241565,-2.7961255796680535,0.031971770461601025,1.3331970183084019
9.429304606826456,-2.715851881778921,0.031969212651305236,1.431755867232491
9.42803122881696,-2.6765736296446496,0.031968048170889114,1.478889181716439
9.424873575418552,-2.6394161510157588,0.031962536747422124,1.514368190223753
9.42012478641713,-2.61739374456498,0.0319334861982999,1.5295501295791873
9.411716008631986,-2.56715100655072,0.0318948792832001,1.5911268116828712
9.403253025333933,-2.5129833013244935,0.031886797365270544,1.638185002546351
9.394603896275685,-2.4644096377139655,0.03187961931547084,1.6912079649497853
9.381667425350292,-2.406367440098037,0.03187552409968141,1.7116970335891435
9.37788052142125,-2.3834770484077907,0.03192164929645421,1.7259292676737974
9.364128817711737,-2.3238997779317425,0.031913123011674,1.7487067661966167
9.346914532416266,-2.2474420489915246,0.031902202222785156,1.765498775132195
9.331024037452071,-2.1746094344853595,0.03189182107395955,1.7723201993028872
9.319090554594014,-2.131165019195934,0.03179324166804059,1.77114400402502
9.310927220481807,-2.088071030892798,0.03177924684617424,1.767373283130712
9.303175616961886,-2.042402988232906,0.031764409574126656,1.7587630645965568
9.296754352662127,-1.9912950391138153,0.03188572426202497,1.7270112722204964
9.293101203091128,-1.9473368691377493,0.03194719825245837,1.7205312272041773
9.288590433959621,-1.8548742518433765,0.0319397625924774,1.672551393665339
9.288397058381923,-1.8178175523476248,0.03193681241261485,1.6456432140226618
9.290616100670613,-1.7711563480169883,0.03193314344939163,1.6144456942395375
9.296649371632697,-1.677034535748538,0.03187696956749909,1.5331200674933447
9.302107648576268,-1.6394418974589071,0.031845010367290476,1.4847531586620626
9.310909794008658,-1.6040754890336564,0.03183805608859009,1.4652880503961445
9.323706823844534,-1.5604054885232461,0.03182959596366591,1.3960668536141834
9.342513613291672,-1.5128339364441281,0.03182068623987379,1.335159879738491
9.377204486282041,-1.443912812247661,0.03193470726469095,1.2157239890757732
9.377204486282041,-1.443912812247661,0.03193470726469095,1.2157239890757732
9.406530904921706,-1.3983097319701383,0.03193040005703663,1.1008939119247065
9.432222319479347,-1.3667688701221912,0.03192740611747902,1.0395904001548004
9.467974693948165,-1.3266131465679607,0.03192492052963213,0.9991310015999542
9.552582700971433,-1.2413586868444453,0.031945283161513856,0.8846484985727935
9.571310894608573,-1.2240303330963667,0.03194278158032105,0.8621832560706539
9.61538718677418,-1.184913959313524,0.03194374274732285,0.8171679158067661
9.625830506880325,-1.1757664230205482,0.03199547476561658,0.7911884848029372
9.63601792232059,-1.1674214160870267,0.031994749045477285,0.7748829030617265
9.702141506905667,-1.1147959218384402,0.03198991560004884,0.7365156168648119
9.709146236980777,-1.109248387338729,0.031989401526191126,0.731514537129714
9.758665152412597,-1.0685415304020673,0.03184620506577338,0.7034065406380452
9.801176293766835,-1.034879757725674,0.03183072206930748,0.693820536629905
9.831793059501656,-1.0099399098012307,0.03181956792885756,0.6931525334814795
9.892155758374916,-0.9541362739751691,0.031963832751420465,0.7039677612494935
9.923772982272636,-0.9248688183616447,0.03196145226985014,0.7136235908780254
9.940362557695847,-0.9088973585506207,0.031960171307119895,0.7249667620274042
9.969918982893574,-0.881028743787685,0.031989457200666746,0.740667592399625
10.000504647028318,-0.8499135138140349,0.03203173636462028,0.7634626026336053
10.035511374827836,-0.8082749479879048,0.03203481417227687,0.8052997056884319
10.047741506968817,-0.7920406085038236,0.0320359760358497,0.8351565959080948
10.061663811003445,-0.7718375690931469,0.03203738672325893,0.8604774195992494
10.083895243231344,-0.7371491154253289,0.032039763998800846,0.89440201709254
10.100972161211642,-0.706880455616285,0.03204177652655956,0.9327416495393006
10.146011104073848,-0.6237552499014519,0.03195293717277235,1.0357812859629583
10.149556738677433,-0.6130311345698491,0.03195209413515264,1.0505224649190157
10.162170375360345,-0.5688814805096426,0.03194872826224501,1.1256176895295296
10.170612118718967,-0.5296472441391693,0.03194588621842763,1.1747016772312935
10.173442544694693,-0.5068418328763834,0.03194434472192527,1.2294266364879542
10.176248999877068,-0.4683908064689054,0.03195528058417202,1.303729036589173
10.176619624532599,-0.45208476341424764,0.03195766084425404,1.3655828758174664
10.175246865462615,-0.43108411032629357,0.03195655400717688,1.4161363203128265
10.168679967729565,-0.38160113822205866,0.03195420665823055,1.4738062886426238
10.16570887551393,-0.3622975528365673,0.03195332205401032,1.5031586397307597
10.158375552304898,-0.32761162526906906,0.0319518928097855,1.5733922163441918
10.139241069929547,-0.26648657977116313,0.031981371821221474,1.6762153459112947
10.131360421500522,-0.24402525582166124,0.031981349086544715,1.7117576089716307
10.123547247485238,-0.22480647558533162,0.03198020244411715,1.7439198483369962
10.114291556450699,-0.20317333314192249,0.031978890466665195,1.7904951663505497
10.099190695734565,-0.1705791426111294,0.03197615370594479,1.8379222124199577
10.094482155631923,-0.16059849475351473,0.03197455673173894,1.8935529324627425
10.07845866790823,-0.13401054109509347,0.03197440781091981,1.9240899634592896
10.060160153630543,-0.10283429747281725,0.03197416020807784,1.9685440882652372
10.049824423749477,-0.08708172730690458,0.03198489963945662,1.9860039419817965
10.029319904581346,-0.05541586383975665,0.031995695251118735,2.0061310170359103
9.994636258241806,-0.0006291627868510938,0.031995608338496954,2.0447920378585063
9.978971511832723,0.025990294237047074,0.032008713055700404,2.0702580595319837
9.971565877417515,0.04032333197470436,0.03203350132544277,2.0782001879216865
9.95751106634869,0.06239262837995385,0.03203566620080491,2.0893396635056067
9.945706756254289,0.08115729365891991,0.03203750640160051,2.095251711549338
9.934291715211767,0.09937180014414809,0.03203929417381885,2.1027750467145516
9.920141933129562,0.12234334121509727,0.032003390162235724,2.104572619678106
9.906901810726955,0.1447000096328458,0.03198162957041195,2.103170108473395
9.897166053120175,0.16179508321560626,0.031980695866001,2.0985938459879794
9.875720553571552,0.20340694718685703,0.03197857603914929,2.0856284591078156
9.865568368087832,0.2251507828803027,0.03197754006349093,2.0725230960645558
9.859725340455462,0.23881822244259754,0.03197692585369002,2.0618411684910933
9.853839944723841,0.25401010198300095,0.03197922418690284,2.0502682758606903
9.851347617616957,0.26936391738706866,0.032013184633783075,2.03388135285342
9.848569065759767,0.27748285205156253,0.032013612842187664,2.0246607229628792
9.842040444346452,0.29880235140929723,0.03201475578777052,1.9891419122569485
9.839934535805916,0.3073391456755421,0.032015225706494406,1.982845911383188
9.835566191505858,0.3278666733182303,0.03201637220031446,1.9558588630070894
9.834074739552882,0.336815682521621,0.032016881651007106,1.943405621691238
9.831654147851248,0.3539876576630021,0.03201787027824269,1.9150878066726302
9.830827691801073,0.36121622608720605,0.032018291010053296,1.902675512498949
